{"D": [0.14065233023166196, 0.01506733018121046, 0.0492143998663209, 0.003950026637529191, 0.018071739944459063, 0.03910304609718011], "bias": [1123.3267444325622, -303.9990225448312, -291.07112040262547]}