{"D": [113.06633182215118, 100.51550344837976, 103.92177147378617, 0.3975031618035588, 1.8073244078906068, 3.910481676558699], "bias": [112331.90366535842, -30404.220885399132, -29107.09932564315]}