{"D": [0.12100116076572076, 0.003122813811998669, 0.01956666132688072, 0.04929426845396154, 0.01390600487511105, 0.030303541566354203], "bias": [1118.9781430359233, -276.6429829644977, -291.48584846788737]}