{"D": [0.07097852919592498, 1.421493866119834, -0.06051632824415376, 0.21218810649020947, -0.025120793854782376, -0.013105096858610808], "bias": [1038.1215575489994, -515.5009365845567, -285.6312999872717]}