{"D": [116.22632164188538, 99.44246688195618, 103.00127170799439, 2.0719354979808933, -5.239452341444138, 0.4630348382520038], "bias": [117420.7110186064, -27248.09599782623, -33238.66249436438]}